Protein.Group,PP_0368_log2_FC,PP_0368_log10_pval,PP_0437_log2_FC,PP_0437_log10_pval,PP_0528_log2_FC,PP_0528_log10_pval,PP_0751_log2_FC,PP_0751_log10_pval,PP_0812_log2_FC,PP_0812_log10_pval,PP_0813_log2_FC,PP_0813_log10_pval,PP_0814_log2_FC,PP_0814_log10_pval,PP_0815_log2_FC,PP_0815_log10_pval,PP_1317_log2_FC,PP_1317_log10_pval,PP_1506_log2_FC,PP_1506_log10_pval,PP_2136_log2_FC,PP_2136_log10_pval,PP_4120_log2_FC,PP_4120_log10_pval,PP_4189_log2_FC,PP_4189_log10_pval,PP_4191_log2_FC,PP_4191_log10_pval,PP_4192_log2_FC,PP_4192_log10_pval
PP_0339,0.18625665222545162,1.7512002354141374,0.358541253146039,4.834314339398854,,,,,-0.3014128056554161,1.5404005622412884,-0.2810339653862165,4.313382736566837,-0.4042496148586038,11.69093859428312,,,,,,,,,,,,,,,,
PP_4187,-0.2134768512413625,1.9079061039102052,,,,,0.1523306933038396,1.9181093615663343,-0.7203529147466408,7.442226734703333,-0.5260996317540272,6.08190167060097,-0.7882792626819177,8.682425441213677,-0.637924617775454,1.5181033875634617,-0.47930152846267443,5.978406238274643,-0.7873393831856228,5.3210652982499145,-0.2531014588338541,1.6599526381795333,-0.5678963399714363,5.528543679642241,-2.5166047129587916,11.719690489343868,-0.38711295881336977,2.5608418000635016,-0.7346878079816686,5.7830353934852585
PP_0338,,,0.41788123955557405,2.2617223700009346,,,,,,,,,-0.21263761097991235,1.333661844056547,,,0.3257736183703557,2.1103811165402244,,,,,,,,,,,0.3354032893483104,2.2018612644586812
PP_5366,,,,,,,-1.9018000960107218,6.424663871288066,,,-0.9935727872108855,1.9616245896464966,,,0.3751308062701127,1.400714060299225,,,-1.08918048444998,2.7002372535786696,,,-1.306753973710669,1.7897033471881265,,,1.2028632203035654,4.010712871481209,,
