Name,MAE,MRAE(%),StdAE,MSE,$R^2$
Neural Regressor,15.00102264706109,4.807945957241891,13.966227180036785,420.086182102038,0.9772298595720479
Random Forest Regressor,15.928711808130986,4.9687801131463045,14.698886495140863,469.781124063526,0.9745362198970653
Support Vector Regressor,96.88345224091613,34.59281003114339,88.41526445064558,17203.662305995473,0.06750132884058313
Kernel Ridge Regressor,31.81443527432543,9.189706665123174,23.16015182545663,1548.5509244024443,0.916063123447574
K-NN Regressor,49.87992374666667,14.811232775821054,46.00798114940168,4604.741122416982,0.7504069249144394
Gaussian Process Regressor,15.05661383036034,4.8410935595813385,13.98780506110902,422.3603104641853,0.9771065938604785
Gradient Boosting Regressor,20.91176179144874,6.435506339562299,24.033056773873703,1014.8895991185321,0.9449894338938675
TPOT Regressor,31.15449902414954,9.937432831178256,30.153707166552717,1879.8488653319475,0.8981056162505774
Ensemble Model,30.40647269373961,9.735436247330943,29.229578721664605,1778.9218539211208,0.9035762132868775
