Name,MAE,MRAE(%),StdAE,MSE,$R^2$
Neural Regressor,86.15586755348718,27.009373224969615,64.8686227914425,11630.771736752482,0.5526178837346514
Random Forest Regressor,90.46960193115336,32.52218725335323,66.93854156539494,12665.517220483453,0.5128160000088489
Support Vector Regressor,126.57216803904481,42.742675263495954,102.39906206947647,26506.08163481269,-0.01956664304682265
Kernel Ridge Regressor,96.07517115727447,29.326027422715526,70.37608897782657,14183.232412714546,0.45443650035425354
K-NN Regressor,103.34912015789473,33.74693237472659,73.54348221262147,16089.684413369136,0.38110408958085584
Gaussian Process Regressor,89.83527044787083,24.121300178235757,83.94926254097525,15117.854497615685,0.4184859017426301
Gradient Boosting Regressor,88.32143962542492,32.03104053917027,60.583280304154286,11471.010549919309,0.5587631593432023
TPOT Regressor,77.9244179379483,29.648558381327845,62.46498687723228,9974.089496540839,0.6163428044347159
Ensemble Model,77.00281282388173,28.729167978012498,56.96981633035779,9174.993155504464,0.6470803530896404
