Gene Accession,Gene name,Enzymatic activity,PP_0812_PP_0813_log2_FC,PP_0812_PP_0814_log2_FC,PP_0812_PP_0813_PP_0814_log2_FC,PP_0813_PP_0814_log2_FC,PP_0812_log2_FC,PP_0813_log2_FC,PP_0814_log2_FC,PP_0812_PP_0813_log10_pval,PP_0812_PP_0814_log10_pval,PP_0812_PP_0813_PP_0814_log10_pval,PP_0813_PP_0814_log10_pval,PP_0812_log10_pval,PP_0813_log10_pval,PP_0814_log10_pval
PP_4185,sucD,succinyl-CoA synthetase,-1.4966637051351928,-1.6591551413479666,-1.5007775644022994,-1.1784735864615163,-1.191671799036021,-1.1739494813495184,-1.1868287529755652,3.2641881475822485,5.467838747576412,3.184765047589257,5.737111754364153,8.58014129309583,2.4005931517449866,11.126185966695763
PP_4186,sucC,succinyl-CoA synthetase,-1.6346350521536706,-1.1872950909007618,-1.7241083334989737,-1.0864887991565102,-1.5961631887724073,-1.485354902590602,-1.684811381039793,17.48866439765329,5.83782095836463,11.672408769850588,6.645970172720069,17.549579073631055,7.574927949404849,16.889229962291168
PP_4187,lpdG,2-oxoglutarate dehydrogenase system,-0.814748821764761,-0.537810525992757,-0.7552957025560193,-0.55015565855072,-0.7203529147466408,-0.5260996317540272,-0.7882792626819177,8.797799274918617,5.691850456606421,8.328538739981791,3.1152936558284856,7.442226734703333,6.08190167060097,8.682425441213677
PP_4189,sucA,2-oxoglutarate dehydrogenase system,-0.5776844005870778,-0.6445604002595907,-0.7283103583543644,-0.5805428230684891,-0.6614384092770947,-0.5518005988305429,-0.773128550368412,7.074689989455245,2.1385494820451654,11.97327683594823,2.058754405315267,8.070072435158595,2.414751563561003,9.570731540285509
