Gene Accession,Gene name,Enzymatic activity,PP_0812_PP_0813_PP_0815_log2_FC,PP_0813_PP_0814_PP_0815_log2_FC,PP_0813_PP_0815_log2_FC,PP_0814_PP_0815_log2_FC,PP_0812_PP_0814_PP_0815_log2_FC,PP_0815_log2_FC,PP_0812_PP_0813_PP_0815_log10_pval,PP_0813_PP_0814_PP_0815_log10_pval,PP_0813_PP_0815_log10_pval,PP_0814_PP_0815_log10_pval,PP_0812_PP_0814_PP_0815_log10_pval,PP_0815_log10_pval
PP_1988,leuB,3-isopropylmalate dehydrogenase,-0.3209792905802752,-0.16247877873470457,-0.41494045460965384,-1.0825741300634724,-0.23110703240670308,-0.28275786464417724,2.2849695861604102,4.351161345500502,2.8190180313284285,2.7030644767311287,6.155879486480253,2.81943419819458
PP_4679,ilvH,acetolactate synthase,-1.3702158875629666,-0.622215989564228,-1.7528237637348947,-2.65928415815392,-0.7079309859177682,-1.479584965962292,8.818487796959413,4.530970779533442,4.6676385316063564,1.9498243471642167,8.850401665020692,6.101609044759872
PP_4680,ilvI,acetolactate synthase,-1.0430268782244148,-0.4911528521070284,-0.9919170728127639,-0.8379447887560546,-0.41198119116724674,-0.8077309842013087,2.301576216948742,4.3098195968032105,3.4396203809188024,1.5226661885970652,6.0679224670862375,1.993266878187193
PP_5128,ilvD,dihydroxy-acid dehydratase,0.45734289779887444,0.16046356037360698,0.26345301690581313,0.2645359603099889,0.18237338888719032,-0.31112986568161877,2.853566502079089,2.6223333342814508,7.390626635440638,1.539049309374392,3.059060541458052,3.4414450664905507
