Gene Accession,Gene name,Enzymatic activity,PP_0812_PP_0813_PP_0815_log2_FC,PP_0812_PP_0814_PP_0815_log2_FC,PP_0813_PP_0814_PP_0815_log2_FC,PP_0812_PP_0813_PP_0815_log10_pval,PP_0812_PP_0814_PP_0815_log10_pval,PP_0813_PP_0814_PP_0815_log10_pval
PP_4124,nuoG,NADH:ubiquinone reductase (H+-translocating),-0.5595038488076659,-0.2924870837116228,-0.32905993182424337,3.6309821638456588,3.3028340416766273,2.749242085360525
PP_4251,ccoO-I,Cbb3-1 cytochrome c oxidase,1.4848241748450095,1.8289130145927608,1.2025053400559838,1.4390932600399187,2.36933462776224,1.8745216374897857
PP_5415,atpA,ATP synthase,0.3991781505592853,0.3686928241275897,0.34654304224859844,3.7569531980530657,3.356561121496687,3.16469327505034
