Gene Accession,Gene name,Enzymatic activity,PP_0812_PP_0813_PP_0815_log2_FC,PP_0812_PP_0814_PP_0815_log2_FC,PP_0813_PP_0814_PP_0815_log2_FC,PP_0813_PP_0815_log2_FC,PP_0815_log2_FC,PP_0814_PP_0815_log2_FC,PP_0812_PP_0813_PP_0815_log10_pval,PP_0812_PP_0814_PP_0815_log10_pval,PP_0813_PP_0814_PP_0815_log10_pval,PP_0813_PP_0815_log10_pval,PP_0815_log10_pval,PP_0814_PP_0815_log10_pval
PP_1251,mqo2,malate:quinone oxidoreductase,1.2684414763412772,1.6937971586204439,1.6812087832326585,1.0089205098802798,1.4640245128392173,0.4332000469944544,4.869882927272801,3.920036735941347,3.9884054347918974,1.8074107440550662,4.0582595096062555,1.9046135717625416
PP_4185,sucD,succinyl-CoA synthetase,-1.8007456289804757,-1.1095913437444787,-1.1195342556410233,-1.1121201677412673,-1.027829457592769,-0.9784433648286982,7.708997392098494,9.433480241785809,11.13330411340568,4.3205441445364015,5.035738546702561,3.425291548011712
PP_4186,sucC,succinyl-CoA synthetase,-1.3709121304210214,-1.499297740233163,-1.46173623662376,-1.5346732748639889,-0.9468721378093434,-1.2866455355469533,2.792589933873065,17.28039908978257,16.53507016715158,17.354201287674936,6.759182838619277,1.6737229455464133
PP_4190,sdhB,succinate dehydrogenase,-1.8157609881427923,-0.8078322624699994,-0.6854636042355238,-1.8158465694391792,-0.7942915618892648,-2.0251402340721003,10.122686470753074,6.5626515924418225,6.102621941294088,10.182221434411868,2.4730255686523175,4.127053066282474
