Protein.Group,PP_0812_PP_0813_PP_0815_log2_FC,PP_0812_PP_0813_PP_0815_log10_pval,PP_0812_PP_0814_PP_0815_log2_FC,PP_0812_PP_0814_PP_0815_log10_pval,PP_0813_PP_0814_PP_0815_log2_FC,PP_0813_PP_0814_PP_0815_log10_pval,PP_0813_PP_0815_log2_FC,PP_0813_PP_0815_log10_pval,PP_0815_log2_FC,PP_0815_log10_pval,PP_0814_PP_0815_log2_FC,PP_0814_PP_0815_log10_pval
PP_1251,1.2684414763412772,4.869882927272801,1.6937971586204439,3.920036735941347,1.6812087832326585,3.9884054347918974,1.0089205098802798,1.8074107440550662,1.4640245128392173,4.0582595096062555,0.4332000469944544,1.9046135717625416
PP_4185,-1.8007456289804757,7.708997392098494,-1.1095913437444787,9.433480241785809,-1.1195342556410233,11.13330411340568,-1.1121201677412673,4.3205441445364015,-1.027829457592769,5.035738546702561,-0.9784433648286982,3.425291548011712
PP_4186,-1.3709121304210214,2.792589933873065,-1.499297740233163,17.28039908978257,-1.46173623662376,16.53507016715158,-1.5346732748639889,17.354201287674936,-0.9468721378093434,6.759182838619277,-1.2866455355469533,1.6737229455464133
PP_4190,-1.8157609881427923,10.122686470753074,-0.8078322624699994,6.5626515924418225,-0.6854636042355238,6.102621941294088,-1.8158465694391792,10.182221434411868,-0.7942915618892648,2.4730255686523175,-2.0251402340721003,4.127053066282474
