Protein.Group,PP_0812_PP_0813_log2_FC,PP_0812_PP_0813_log10_pval,PP_0812_PP_0814_log2_FC,PP_0812_PP_0814_log10_pval,PP_0812_PP_0813_PP_0814_log2_FC,PP_0812_PP_0813_PP_0814_log10_pval,PP_0813_PP_0814_log2_FC,PP_0813_PP_0814_log10_pval,PP_0812_log2_FC,PP_0812_log10_pval,PP_0813_log2_FC,PP_0813_log10_pval,PP_0814_log2_FC,PP_0814_log10_pval
PP_4185,-1.4966637051351928,3.2641881475822485,-1.6591551413479666,5.467838747576412,-1.5007775644022994,3.184765047589257,-1.1784735864615163,5.737111754364153,-1.191671799036021,8.58014129309583,-1.1739494813495184,2.4005931517449866,-1.1868287529755652,11.126185966695763
PP_4186,-1.6346350521536706,17.48866439765329,-1.1872950909007618,5.83782095836463,-1.7241083334989737,11.672408769850588,-1.0864887991565102,6.645970172720069,-1.5961631887724073,17.549579073631055,-1.485354902590602,7.574927949404849,-1.684811381039793,16.889229962291168
PP_4187,-0.814748821764761,8.797799274918617,-0.537810525992757,5.691850456606421,-0.7552957025560193,8.328538739981791,-0.55015565855072,3.1152936558284856,-0.7203529147466408,7.442226734703333,-0.5260996317540272,6.08190167060097,-0.7882792626819177,8.682425441213677
PP_4189,-0.5776844005870778,7.074689989455245,-0.6445604002595907,2.1385494820451654,-0.7283103583543644,11.97327683594823,-0.5805428230684891,2.058754405315267,-0.6614384092770947,8.070072435158595,-0.5518005988305429,2.414751563561003,-0.773128550368412,9.570731540285509
