Protein.Group,PP_0815_log2_FC,PP_0815_log10_pval
PP_0186,0.592241049672604,2.7447190552291825
PP_0675,-1.1731563404210545,2.5925480082223666
PP_1972,0.8292283598598279,1.8159549538027129
PP_2080,0.41309754011922417,2.038965338856661
PP_5075,-1.147700495843279,4.900103138810121
PP_5076,-0.3218453744285698,1.415202031431665
PP_5338,1.2617387385956234,2.2024766832578373
