Protein.Group,PP_0812_PP_0813_PP_0815_log2_FC,PP_0812_PP_0813_PP_0815_log10_pval,PP_0813_PP_0814_PP_0815_log2_FC,PP_0813_PP_0814_PP_0815_log10_pval,PP_0813_PP_0815_log2_FC,PP_0813_PP_0815_log10_pval,PP_0814_PP_0815_log2_FC,PP_0814_PP_0815_log10_pval,PP_0812_PP_0814_PP_0815_log2_FC,PP_0812_PP_0814_PP_0815_log10_pval,PP_0815_log2_FC,PP_0815_log10_pval
PP_2149,0.6342135248620001,8.106206495340825,0.33790598127358984,6.602825978566249,0.8282947120162552,2.3725129075579425,1.10019249961008,1.450288857042453,0.4868015629104517,2.8633002807119468,0.5708778148521835,2.4298110509215336
PP_3376,-0.6500044574045589,6.4964630503603455,-0.7757386793033298,7.942818735165679,-1.0363541620402845,3.487700065712295,-1.091996645939494,1.8626844968641796,-1.0222898826899862,10.251245634655987,-0.9941181682195265,4.015924223393374
PP_3378,-1.1780259730623786,10.460632197466376,-0.9432236394567272,2.3566579214928156,-0.9453413436738697,7.61792779870263,-1.8443015049028733,1.5436806850494393,-0.8843622388541863,9.312155727581356,-1.3747178157556086,5.546883148439372
PP_3416,-1.7342213485985374,4.245986336644633,-1.0719937829707848,8.26768025038559,-2.302041024690493,8.309811355961674,-3.6893071484085866,10.646337178803876,-1.291433836888059,8.883783718349546,-1.2568177496932138,6.556196224181489
PP_4715,-0.6221493447432392,4.5321376089465595,-0.5850638309656985,2.1680942880316123,-1.0490276341963354,2.223479795994147,-2.6176558290161682,2.500126805268712,-0.643285997389827,1.3970899807862993,-0.1757042582102519,1.528904281944577
PP_4963,0.5425000269531418,6.534248013523431,-0.28688844568694966,2.217019413537481,0.45909686199940863,1.651434464490011,0.24625564546507844,4.161482639614295,-0.17775514646342166,1.5922159669519416,0.4283123269571113,2.1311072879140007
