Protein.Group,PP_0812_PP_0813_PP_0815_log2_FC,PP_0812_PP_0813_PP_0815_log10_pval,PP_0812_PP_0814_PP_0815_log2_FC,PP_0812_PP_0814_PP_0815_log10_pval,PP_0813_PP_0814_PP_0815_log2_FC,PP_0813_PP_0814_PP_0815_log10_pval
PP_4965,0.521512335798734,7.096329093831123,0.6782291455265436,4.8716644094196075,0.6346285705231994,4.1482529040819
