Protein.Group,PP_0368_log2_FC,PP_0368_log10_pval,PP_0437_log2_FC,PP_0437_log10_pval,PP_0528_log2_FC,PP_0528_log10_pval,PP_0812_log2_FC,PP_0812_log10_pval,PP_0813_log2_FC,PP_0813_log10_pval,PP_0814_log2_FC,PP_0814_log10_pval,PP_0815_log2_FC,PP_0815_log10_pval,PP_1317_log2_FC,PP_1317_log10_pval,PP_1506_log2_FC,PP_1506_log10_pval,PP_2136_log2_FC,PP_2136_log10_pval,PP_4120_log2_FC,PP_4120_log10_pval,PP_4189_log2_FC,PP_4189_log10_pval,PP_4191_log2_FC,PP_4191_log10_pval,PP_4192_log2_FC,PP_4192_log10_pval
PP_5351,,,1.150998447012036,4.258970512562068,1.387071228037909,1.4338585335363245,,,,,,,,,,,,,,,,,,,,,,
PP_1022,,,,,0.16828624482978463,2.1261292521309505,,,,,,,,,,,,,,,,,,,,,,
PP_1023,,,,,0.2358274133579397,3.2098653279601224,,,0.32531577220439634,1.9159812548146709,0.3869843847234861,2.7820029131869393,0.39131579975704933,2.292438429531081,,,0.5931462605756302,1.9323586934495929,-0.4099724622782929,4.489745397280029,,,,,0.6920704701934556,4.920359187729112,,
