Protein.Group,PP_0812_PP_0813_PP_0815_log2_FC,PP_0812_PP_0813_PP_0815_log10_pval,PP_0812_PP_0814_PP_0815_log2_FC,PP_0812_PP_0814_PP_0815_log10_pval,PP_0813_PP_0814_PP_0815_log2_FC,PP_0813_PP_0814_PP_0815_log10_pval
PP_0751,-0.2651034492075294,2.834462290941571,0.5834477010808339,5.241256055963019,0.6588608303437501,4.778795704890513
PP_1251,1.2684414763412772,4.869882927272801,1.6937971586204439,3.920036735941347,1.6812087832326585,3.9884054347918974
PP_4185,-1.8007456289804757,7.708997392098494,-1.1095913437444787,9.433480241785809,-1.1195342556410233,11.13330411340568
PP_4186,-1.3709121304210214,2.792589933873065,-1.499297740233163,17.28039908978257,-1.46173623662376,16.53507016715158
PP_4187,-0.4369063535336648,2.4599239077787867,-0.8956245505304965,9.351851210362609,-0.8465621547356004,9.011846768615223
PP_4188,-0.16626186069853727,1.4793886915942582,-1.2135363518700055,9.757050235079614,-1.0526676851564056,9.019378937461973
PP_4189,-1.1211485792124096,3.4295540689940966,-0.7123755916050569,3.1211883114942447,-0.7458239422345463,3.2418325973397204
PP_4190,-1.8157609881427923,10.122686470753074,-0.8078322624699994,6.5626515924418225,-0.6854636042355238,6.102621941294088
