Protein.Group,PP_0812_PP_0813_PP_0815_log2_FC,PP_0812_PP_0813_PP_0815_log10_pval,PP_0812_PP_0814_PP_0815_log2_FC,PP_0812_PP_0814_PP_0815_log10_pval,PP_0813_PP_0814_PP_0815_log2_FC,PP_0813_PP_0814_PP_0815_log10_pval
PP_1023,0.45095902043335434,4.456436063716008,0.253690567827644,1.761661639897098,0.3909116575329806,1.5073950410990256
PP_4965,0.521512335798734,7.096329093831123,0.6782291455265436,4.8716644094196075,0.6346285705231994,4.1482529040819
