Protein.Group,PP_0368_log2_FC,PP_0437_log2_FC,PP_0528_log2_FC,PP_0751_log2_FC,PP_0812_log2_FC,PP_0813_log2_FC,PP_0814_log2_FC,PP_0815_log2_FC,PP_1317_log2_FC,PP_1506_log2_FC,PP_2136_log2_FC,PP_4120_log2_FC,PP_4189_log2_FC,PP_4191_log2_FC,PP_4192_log2_FC
PP_2867,,0.9271399347843653,,,,,0.9284787740148163,1.0506171984613926,,0.7119981228966179,,-0.5865196965212595,,1.5917674935171466,
