Name,MAE,MRAE(%),StdAE,MSE,$R^2$
Neural Regressor,11.739219809263439,8.772059351721662,14.810306464552728,357.1544593041755,0.9325342603977136
Random Forest Regressor,12.033132405795817,9.072880868521269,14.873508444508722,366.0175289442857,0.9308600448507999
Support Vector Regressor,54.05748153268463,30.742818219537277,46.63853660457196,5097.364406272538,0.03711839308532472
Kernel Ridge Regressor,28.6554606931901,15.915522069405949,16.98758396239446,1109.7134364183642,0.7903774241530672
K-NN Regressor,29.534984193548386,18.75414877665338,25.75726395051046,1535.751937529419,0.7098996313445852
Gaussian Process Regressor,11.974197980606817,8.9387072483695,14.799134421215465,362.3957968959728,0.9315441825534532
Gradient Boosting Regressor,24.33006651473149,16.585105419774298,20.893252821632743,1028.4801500799233,0.8057222241419137
TPOT Regressor,28.895649550346427,18.152156777615208,26.727726738883433,1549.3299395648603,0.7073347748076485
Ensemble Model,21.350693971646503,14.347507709864463,19.141691278225636,822.2564780618018,0.8446774497978048
