Name,MAE,MRAE(%),StdAE,MSE,$R^2$
Neural Regressor,72.65401468553132,39.08670206321758,63.326735286764404,9288.881252005334,-0.6230405125162428
Random Forest Regressor,53.11558317791375,28.904819334754578,60.800777438150206,6517.999713413349,-0.13888608417243775
Support Vector Regressor,57.70174288178257,32.7831004741668,53.84059697241892,6228.301013941792,-0.0882672084532441
Kernel Ridge Regressor,159.09527395753298,76.77902643836352,91.63778814565269,33708.790411849994,-4.889916232327803
K-NN Regressor,60.800317972789124,34.44262810421238,55.57534645547877,6785.2977992387605,-0.18559091443593423
Gaussian Process Regressor,55.70027626176856,32.78004748416335,53.758736504491345,5992.522526196667,-0.04706977819138802
Gradient Boosting Regressor,52.11169232530185,29.540693503994575,57.463549673445584,6017.688018079472,-0.051466929122171434
TPOT Regressor,49.60358158013635,29.81259393145136,52.02244708942355,5166.850306749116,0.09719942128118242
Ensemble Model,50.79113324868054,29.129312173978743,54.1526584470915,5512.249633572572,0.03684800917659958
