Name,MAE,MRAE(%),StdAE,MSE,$R^2$
Neural Regressor,60.57762562700819,32.24313684624031,58.085708742745744,7043.598286753048,-0.31724341985506976
Random Forest Regressor,40.26068406903323,23.69125693445827,44.7440259036073,3622.9505357691874,0.3224616794689046
Support Vector Regressor,55.92980517919724,31.211678505463592,48.1191971936298,5443.600245942389,-0.018023219435264304
Kernel Ridge Regressor,188.8661905477395,90.23952344224074,75.21272824995691,41327.392422816905,-6.7287536160468235
K-NN Regressor,58.960504746031745,33.5403457269219,47.17852041627836,5702.153908576025,-0.0663760778633371
Gaussian Process Regressor,51.19410372157242,31.150989266376843,42.89111834351864,4460.484288612836,0.16583210181188757
Gradient Boosting Regressor,42.45855418030311,25.086195281877245,42.72410107048971,3628.077635363155,0.32150284593976974
TPOT Regressor,45.32723830342724,26.717314385741325,38.85948886143939,3564.618406788012,0.3333705374046416
Ensemble Model,40.874806310462276,24.478047900303558,40.14740333440137,3282.5637854129095,0.3861183772047643
