Name,MAE,MRAE(%),StdAE,MSE,$R^2$
Neural Regressor,11.037411404152857,8.48639400174534,13.843594471231485,313.4695583884345,0.9413771631626673
Random Forest Regressor,11.362945008923335,8.758211441711438,13.847965804096312,320.8826761872365,0.9399908148441598
Support Vector Regressor,53.14702596179773,29.714214035447633,48.50697372879139,5177.5328689096605,0.03173480016866481
Kernel Ridge Regressor,28.03643922881816,15.750613527965504,16.998656707679203,1074.9962544967411,0.7989618821295047
K-NN Regressor,27.663679814814813,17.41550897441414,24.151697661888907,1348.5836808478828,0.7477975166383755
Gaussian Process Regressor,11.106731469721497,8.54563100069701,13.825150243251265,314.4942631889723,0.9411855301931465
Gradient Boosting Regressor,23.34886309409271,16.17863217501093,20.717241993403043,974.3735235999069,0.8177796262377938
TPOT Regressor,20.811998738704087,13.818202951699957,20.956434892974336,872.3114549232928,0.8368665450125214
Ensemble Model,17.78856356259726,12.27165175291647,17.755564324311433,631.6930580953239,0.8818652781903936
