Name,MAE,MRAE(%),StdAE,MSE,$R^2$
Neural Regressor,11.813166827938389,8.813761479951765,14.833241925151896,359.57597651478784,0.9320768407986642
Random Forest Regressor,11.895161499400523,8.88062412744386,14.821413139838024,361.1691545585837,0.9317758927571579
Support Vector Regressor,54.05748153268463,30.742818219537277,46.63853660457196,5097.364406272538,0.03711839308532472
Kernel Ridge Regressor,28.6554606931901,15.915522069405949,16.98758396239446,1109.7134364183642,0.7903774241530672
K-NN Regressor,29.534984193548386,18.75414877665338,25.75726395051046,1535.751937529419,0.7098996313445852
Gaussian Process Regressor,11.974197980606817,8.9387072483695,14.799134421215465,362.3957968959728,0.9315441825534532
Gradient Boosting Regressor,24.33006651473148,16.58510541977429,20.893252821632743,1028.4801500799229,0.8057222241419139
TPOT Regressor,11.614219090501793,8.686869175242405,14.820023172083554,354.52317190326977,0.9330313051523952
Ensemble Model,13.741859168651466,10.016653943755864,14.929077549409705,411.7160498873393,0.9222276886423395
