Protein.Group,PP_0368_log2_FC,PP_0368_log10_pval,PP_0437_log2_FC,PP_0437_log10_pval,PP_0528_log2_FC,PP_0528_log10_pval,PP_0751_log2_FC,PP_0751_log10_pval,PP_0812_log2_FC,PP_0812_log10_pval,PP_0813_log2_FC,PP_0813_log10_pval,PP_0814_log2_FC,PP_0814_log10_pval,PP_0815_log2_FC,PP_0815_log10_pval,PP_1317_log2_FC,PP_1317_log10_pval,PP_1506_log2_FC,PP_1506_log10_pval,PP_2136_log2_FC,PP_2136_log10_pval,PP_4120_log2_FC,PP_4120_log10_pval,PP_4189_log2_FC,PP_4189_log10_pval,PP_4191_log2_FC,PP_4191_log10_pval,PP_4192_log2_FC,PP_4192_log10_pval
PP_2168,,,0.7106626476644289,1.6960649857643821,0.2107303224930613,1.3082188036223465,,,,,,,,,,,,,,,,,,,,,0.7708133746904448,4.843812503374267,,
PP_5150,,,0.17472893964935976,1.7667395746600423,-0.305413297900429,5.9939647784281505,,,-0.5202867879924155,5.240435754330806,,,,,,,,,-0.4242170989521378,1.4245003029308316,,,,,,,,,,
PP_0415,,,,,-0.366499253495113,4.981106748230449,-0.3336707411964756,1.59308826306097,0.21349690379615593,2.7674031309454783,,,,,,,,,-0.1922337851763197,1.829820100480577,,,,,,,0.3065028349171298,2.6657418992862394,,
PP_4965,,,,,,,,,,,0.2655553426929285,3.0840128290544477,,,,,,,,,,,0.17906517624354926,1.4286724274207894,,,,,,
